Timestamp,From Bank,Account,To Bank,Account,Amount Received,Receiving Currency,Amount Paid,Payment Currency,Payment Format,Is Laundering
2022/09/01 00:08,11,8000ECA90,11,8000ECA90,3195403.00,US Dollar,3195403.00,US Dollar,Reinvestment,0
2022/09/01 00:21,3402,80021DAD0,3402,80021DAD0,1858.96,US Dollar,1858.96,US Dollar,Reinvestment,0
2022/09/01 00:00,11,8000ECA90,1120,8006AA910,592571.00,US Dollar,592571.00,US Dollar,Cheque,0
2022/09/01 00:16,3814,8006AD080,3814,8006AD080,12.32,US Dollar,12.32,US Dollar,Reinvestment,0
2022/09/01 00:00,20,8006AD530,20,8006AD530,2941.56,US Dollar,2941.56,US Dollar,Reinvestment,0
2022/09/01 00:24,12,8006ADD30,12,8006ADD30,6473.62,US Dollar,6473.62,US Dollar,Reinvestment,0
2022/09/01 00:17,11,800059120,1217,8006AD4E0,60562.00,US Dollar,60562.00,US Dollar,ACH,0
2022/09/01 00:07,11,8000ECA90,11,8000ECA90,22.97,US Dollar,22.97,US Dollar,Reinvestment,0
2022/09/01 00:28,1120,8006AA910,243166,81470DCF0,43.53,US Dollar,43.53,US Dollar,Credit Card,0
2022/09/01 00:22,1217,8006AD4E0,1217,8006AD4E0,5.04,US Dollar,5.04,US Dollar,Reinvestment,0
2022/09/01 00:28,224,8006AD580,23319,80567ED00,9.28,US Dollar,9.28,US Dollar,Credit Card,0
2022/09/01 00:28,394,8006AF210,214342,805586EA0,93.85,US Dollar,93.85,US Dollar,Credit Card,0
2022/09/01 00:29,3618,800929EA0,1277,800929EF0,0.05,US Dollar,0.05,US Dollar,ACH,0
2022/09/01 00:08,394,80093BDB0,21414,80092A6C0,64335.00,US Dollar,64335.00,US Dollar,ACH,0
2022/09/01 00:04,1291,80092A730,1291,80092A730,3975.24,US Dollar,3975.24,US Dollar,Reinvestment,0
2022/09/01 00:20,1231,800B69730,11265,80092AC50,1986.00,US Dollar,1986.00,US Dollar,Cheque,0
2022/09/01 00:14,394,80093BDB0,394,80093BDB0,14903.78,US Dollar,14903.78,US Dollar,Reinvestment,0
2022/09/01 00:23,1231,800B69730,21414,80093CED0,217.00,US Dollar,217.00,US Dollar,ACH,0
2022/09/01 00:05,20,800952940,20,800952940,21126.92,US Dollar,21126.92,US Dollar,Reinvestment,0
2022/09/01 00:03,31811,800A8FCD0,31811,800A8FCD0,4455.63,US Dollar,4455.63,US Dollar,Reinvestment,0
2022/09/01 00:28,1638,800A8FE50,1638,800A8FE50,4755.32,US Dollar,4755.32,US Dollar,Reinvestment,0
2022/09/01 00:05,31813,800A91030,31813,800A91030,295.65,US Dollar,295.65,US Dollar,Reinvestment,0
2022/09/01 00:16,31993,800B63C60,31993,800B63C60,3065.41,US Dollar,3065.41,US Dollar,Reinvestment,0
2022/09/01 00:15,1277,80092A7D0,11968,800B69E00,473.00,US Dollar,473.00,US Dollar,Cheque,0
2022/09/01 00:15,1638,800A8FE50,20,800B99960,2863.22,US Dollar,2863.22,US Dollar,Cheque,0
2022/09/01 00:22,1277,800B999B0,1277,800B999B0,559.19,US Dollar,559.19,US Dollar,Reinvestment,0
2022/09/01 00:22,21414,80092A6C0,122459,80AE66170,52.12,US Dollar,52.12,US Dollar,Credit Card,0
2022/09/01 00:06,1217,80092A780,11,80132E8A0,21.96,US Dollar,21.96,US Dollar,Credit Card,0
2022/09/01 00:03,11265,80092AC50,23041,80690A920,53.17,US Dollar,53.17,US Dollar,Credit Card,0
2022/09/01 00:28,394,80092B090,8801,80690A9C0,6.60,US Dollar,6.60,US Dollar,Credit Card,0
2022/09/01 00:03,1639,80092C5F0,3653,810135120,38.45,US Dollar,38.45,US Dollar,Credit Card,0
2022/09/01 00:24,1277,80093C800,219975,8034B3870,34.67,US Dollar,34.67,US Dollar,Credit Card,0
2022/09/01 00:12,1110,80093CC60,122459,80AE66170,11.37,US Dollar,11.37,US Dollar,Credit Card,0
2022/09/01 00:25,12,80093CD00,27234,80AE71680,6.84,US Dollar,6.84,US Dollar,Credit Card,0
2022/09/01 00:18,21414,80093CED0,29264,81013D0A0,0.78,US Dollar,0.78,US Dollar,Credit Card,0
2022/09/01 00:14,11222,80093DA30,117916,81013A5C0,9.53,US Dollar,9.53,US Dollar,Credit Card,0
2022/09/01 00:10,11222,800B63A50,11,80132E8A0,41.01,US Dollar,41.01,US Dollar,Credit Card,0
2022/09/01 00:12,20,800B63DE0,219975,8034B3870,1.82,US Dollar,1.82,US Dollar,Credit Card,0
2022/09/01 00:16,1422,800B69DB0,110856,80DFEBEE0,27.07,US Dollar,27.07,US Dollar,Credit Card,0
2022/09/01 00:24,11968,800B69E00,110856,80DFEBEE0,282.37,US Dollar,282.37,US Dollar,Credit Card,0
2022/09/01 00:21,20,800B6A1B0,122459,80AE66170,41.85,US Dollar,41.85,US Dollar,Credit Card,0
2022/09/01 00:18,1889,8009EB590,2545,81013ED10,19.20,US Dollar,19.20,US Dollar,Credit Card,0
2022/09/01 00:01,20,800B99960,8801,80690A9C0,147.63,US Dollar,147.63,US Dollar,Credit Card,0
2022/09/01 00:06,1277,800B999B0,1277,800B999B0,10.48,US Dollar,10.48,US Dollar,Reinvestment,0
2022/09/01 00:29,1291,800B9BC30,1291,800B9BC30,59713.16,US Dollar,59713.16,US Dollar,Reinvestment,0
2022/09/01 00:22,12,800BA4BE0,1422,800B9BC80,111111.00,US Dollar,111111.00,US Dollar,Cheque,0
2022/09/01 00:17,1277,800BA09D0,1277,800BA09D0,5259.14,US Dollar,5259.14,US Dollar,Reinvestment,0
2022/09/01 00:23,32042,800BA0F40,1439,800BBF6C0,0.01,US Dollar,0.01,US Dollar,Cheque,0
2022/09/01 00:25,1807,800BBF0C0,11,800BA4C30,19302.00,US Dollar,19302.00,US Dollar,Cheque,0
2022/09/01 00:28,1231,800BA4F40,1231,800BA4F40,1190.82,US Dollar,1190.82,US Dollar,Reinvestment,0
2022/09/01 00:26,32050,800BA59F0,32050,800BA59F0,609.17,US Dollar,609.17,US Dollar,Reinvestment,0
2022/09/01 00:19,2860,800BA6B40,11222,800BBE6F0,3400.37,US Dollar,3400.37,US Dollar,ACH,0
2022/09/01 00:21,1807,800BBF0C0,1807,800BBF0C0,7055.95,US Dollar,7055.95,US Dollar,Reinvestment,0
2022/09/01 00:04,1439,800BBF4A0,1439,800BBF4A0,6683.36,US Dollar,6683.36,US Dollar,Reinvestment,0
2022/09/01 00:02,1439,800BBF6C0,224,800BC0ED0,400.00,US Dollar,400.00,US Dollar,ACH,0
2022/09/01 00:06,1291,800B9BC30,1291,800B9BC30,3.46,US Dollar,3.46,US Dollar,Reinvestment,0
2022/09/01 00:29,1422,800B9BC80,261455,817C3BC30,28.47,US Dollar,28.47,US Dollar,Credit Card,0
2022/09/01 00:04,1394,800BA0980,219368,81B5F74D0,0.58,US Dollar,0.58,US Dollar,Credit Card,0
2022/09/01 00:23,12,800BA4BE0,12,800BA4BE0,14.70,US Dollar,14.70,US Dollar,Reinvestment,0
2022/09/01 00:07,11,800BA4C30,231039,80DE8B440,152.00,US Dollar,152.00,US Dollar,Credit Card,0
2022/09/01 00:19,21566,800BA4CD0,11047,801D8C110,130.39,US Dollar,130.39,US Dollar,Credit Card,0
2022/09/01 00:01,12063,800BA4D20,12063,800BA4D20,15.27,US Dollar,15.27,US Dollar,Reinvestment,0
2022/09/01 00:19,394,800BA4EF0,23747,810190500,43.81,US Dollar,43.81,US Dollar,Credit Card,0
2022/09/01 00:06,1231,800BBE260,261455,817C3BC30,189.60,US Dollar,189.60,US Dollar,Credit Card,0
2022/09/01 00:10,11222,800BBE6F0,261455,817C3BC30,48.58,US Dollar,48.58,US Dollar,Credit Card,0
2022/09/01 00:04,1439,800BBF4A0,1439,800BBF4A0,8.13,US Dollar,8.13,US Dollar,Reinvestment,0
2022/09/01 00:11,1439,800BBF6C0,1439,800BBF6C0,11.98,US Dollar,11.98,US Dollar,Reinvestment,0
2022/09/01 00:02,1422,800BC0E30,220729,809E507C0,143.65,US Dollar,143.65,US Dollar,Credit Card,0
2022/09/01 00:18,224,800BC0ED0,259461,81A99A780,9.22,US Dollar,9.22,US Dollar,Credit Card,0
2022/09/01 00:00,1120,800BC4DC0,37146,80FE04360,0.36,US Dollar,0.36,US Dollar,Credit Card,0
2022/09/01 00:11,11701,800BC6AF0,11701,800BC6AF0,1107318.59,US Dollar,1107318.59,US Dollar,Reinvestment,0
2022/09/01 00:28,349,800BC6CC0,349,800BC6CC0,4940.92,US Dollar,4940.92,US Dollar,Reinvestment,0
2022/09/01 00:29,32081,800BC6D10,1439,800BDF9C0,41.11,US Dollar,41.11,US Dollar,Wire,0
2022/09/01 00:05,11265,800BD0DD0,349,800BC6E90,2672.39,US Dollar,2672.39,US Dollar,ACH,0
2022/09/01 00:14,11495,800BC8570,11495,800BC8570,9944.83,US Dollar,9944.83,US Dollar,Reinvestment,0
2022/09/01 00:21,1439,800BC93A0,1439,800BC93A0,6924.15,US Dollar,6924.15,US Dollar,Reinvestment,0
2022/09/01 00:26,1277,800BC93F0,1277,800BC93F0,4400.96,US Dollar,4400.96,US Dollar,Reinvestment,0
2022/09/01 00:21,21393,800BDE650,1120,800BCE950,5329268.00,US Dollar,5329268.00,US Dollar,Cheque,0
2022/09/01 00:25,32091,800BCEE60,1277,800BC93F0,1674.05,US Dollar,1674.05,US Dollar,Cheque,0
2022/09/01 00:22,11265,800BD0DD0,11701,800BDDA30,6645.00,US Dollar,6645.00,US Dollar,ACH,0
2022/09/01 00:29,21393,800BDE650,21393,800BDE650,3204.10,US Dollar,3204.10,US Dollar,Reinvestment,0
2022/09/01 00:23,349,800BC6CC0,1217,800BDE6A0,46720.00,US Dollar,46720.00,US Dollar,ACH,0
2022/09/01 00:29,1439,800BDF9C0,1439,800BDF9C0,4081.72,US Dollar,4081.72,US Dollar,Reinvestment,0
2022/09/01 00:18,20,800057660,11495,800BC8570,154661.00,US Dollar,154661.00,US Dollar,ACH,0
2022/09/01 00:20,349,800BC6E90,21566,816C60240,40.84,US Dollar,40.84,US Dollar,Credit Card,0
2022/09/01 00:02,11047,800BC8430,28625,80362AF40,12.19,US Dollar,12.19,US Dollar,Credit Card,0
2022/09/01 00:05,1277,800BC93F0,1277,800BC93F0,3.81,US Dollar,3.81,US Dollar,Reinvestment,0
2022/09/01 00:09,1120,800BCE950,21566,816C60240,38.74,US Dollar,38.74,US Dollar,Credit Card,0
2022/09/01 00:02,1439,800BCF200,5855,80A88ABA0,4.12,US Dollar,4.12,US Dollar,Credit Card,0
2022/09/01 00:22,11265,800BD0DD0,11265,800BD0DD0,14.29,US Dollar,14.29,US Dollar,Reinvestment,0
2022/09/01 00:27,1889,800BDCE50,20,800BF1EB0,6.58,US Dollar,6.58,US Dollar,Credit Card,0
2022/09/01 00:08,1120,800BDD510,1277,800AC3D20,33.81,US Dollar,33.81,US Dollar,Credit Card,0
2022/09/01 00:15,11222,800BDD9E0,21566,816C60240,73.59,US Dollar,73.59,US Dollar,Credit Card,0
2022/09/01 00:25,11701,800BDDA30,21566,816C60240,31.86,US Dollar,31.86,US Dollar,Credit Card,0
2022/09/01 00:07,1217,800BDE6A0,28625,80362AF40,134.62,US Dollar,134.62,US Dollar,Credit Card,0
2022/09/01 00:20,224,800BE1240,224,800BE1240,2109.57,US Dollar,2109.57,US Dollar,Reinvestment,0
2022/09/01 00:28,21939,800E3E3F0,1422,800BE1960,140.00,US Dollar,140.00,US Dollar,Cheque,0
2022/09/01 00:21,1277,800BE94E0,1277,800BE94E0,2496595.06,US Dollar,2496595.06,US Dollar,Reinvestment,0
2022/09/01 00:11,32161,800C2E440,32161,800C2E440,19359.00,US Dollar,19359.00,US Dollar,Reinvestment,0
2022/09/01 00:01,1277,800C2E610,1277,800C2E610,14049.01,US Dollar,14049.01,US Dollar,Reinvestment,0
2022/09/01 00:26,1277,800C2E610,2175,800E38970,5116714.00,US Dollar,5116714.00,US Dollar,Cheque,0
2022/09/01 00:03,32529,800E39400,32529,800E39400,180.83,US Dollar,180.83,US Dollar,Reinvestment,0
2022/09/01 00:07,11046,800F6BC70,1439,800E3E300,2249241.00,US Dollar,2249241.00,US Dollar,Cheque,0
2022/09/01 00:17,21393,800E3E350,21393,800E3E350,2597.74,US Dollar,2597.74,US Dollar,Reinvestment,0
2022/09/01 00:29,21939,800E3E3F0,21939,800E3E3F0,18519.56,US Dollar,18519.56,US Dollar,Reinvestment,0
2022/09/01 00:01,11046,800F6BC70,11046,800F6BC70,79446.43,US Dollar,79446.43,US Dollar,Reinvestment,0
2022/09/01 00:19,2860,800BE1150,12204,800F6CC70,883116.54,US Dollar,883116.54,US Dollar,Cheque,0
2022/09/01 00:24,349,800C2D690,12204,800F6DA10,88836.00,US Dollar,88836.00,US Dollar,Cheque,0
2022/09/01 00:14,12,80005C2E0,349,800C2D690,4731.00,US Dollar,4731.00,US Dollar,ACH,0
2022/09/01 00:16,1277,800BE1290,1277,800BE1290,6.30,US Dollar,6.30,US Dollar,Reinvestment,0
2022/09/01 00:14,1422,800BE1960,117301,806DCACA0,35.53,US Dollar,35.53,US Dollar,Credit Card,0
2022/09/01 00:02,1277,800BE94E0,1277,800BE94E0,5.31,US Dollar,5.31,US Dollar,Reinvestment,0
2022/09/01 00:10,1638,800C2D5F0,217862,8129D2D20,40.98,US Dollar,40.98,US Dollar,Credit Card,0
2022/09/01 00:04,394,800C2D860,394,800C2D860,19.84,US Dollar,19.84,US Dollar,Reinvestment,0
2022/09/01 00:12,1291,800E38920,117301,806DCACA0,66.34,US Dollar,66.34,US Dollar,Credit Card,0
2022/09/01 00:01,2175,800E38970,22124,8171A08F0,194.63,US Dollar,194.63,US Dollar,Credit Card,0
2022/09/01 00:28,11495,800E3CE80,117301,806DCACA0,50.47,US Dollar,50.47,US Dollar,Credit Card,0
2022/09/01 00:27,1439,800E3E300,22124,8171A08F0,18.28,US Dollar,18.28,US Dollar,Credit Card,0
2022/09/01 00:05,21939,800E3E3F0,21939,800E3E3F0,5.38,US Dollar,5.38,US Dollar,Reinvestment,0
2022/09/01 00:27,224,800E3E8A0,224,800E3E8A0,5.04,US Dollar,5.04,US Dollar,Reinvestment,0
2022/09/01 00:08,11046,800F6BC70,11046,800F6BC70,3.54,US Dollar,3.54,US Dollar,Reinvestment,0
2022/09/01 00:16,12204,800F6CC70,214000,808BC76C0,4.92,US Dollar,4.92,US Dollar,Credit Card,0
2022/09/01 00:23,22435,800F6D270,217862,8129D2D20,169.65,US Dollar,169.65,US Dollar,Credit Card,0
2022/09/01 00:06,12204,800F6DA10,43863,8171A0850,2.13,US Dollar,2.13,US Dollar,Credit Card,0
2022/09/01 00:19,12,800F70510,12,800F70510,717.98,US Dollar,717.98,US Dollar,Reinvestment,0
2022/09/01 00:15,32719,800F706E0,32719,800F706E0,475.51,US Dollar,475.51,US Dollar,Reinvestment,0
2022/09/01 00:04,1812,800F713D0,1812,800F713D0,20625.60,US Dollar,20625.60,US Dollar,Reinvestment,0
2022/09/01 00:16,1889,800F716F0,1889,800F716F0,12034.68,US Dollar,12034.68,US Dollar,Reinvestment,0
2022/09/01 00:29,12592,800F71C50,12592,800F71C50,12883.23,US Dollar,12883.23,US Dollar,Reinvestment,0
2022/09/01 00:04,2545,800F71F70,2545,800F71F70,4723.06,US Dollar,4723.06,US Dollar,Reinvestment,0
2022/09/01 00:20,13125,8014CA6D0,1231,800F738A0,1185530.00,US Dollar,1185530.00,US Dollar,Cheque,0
2022/09/01 00:29,1638,800F738F0,1638,800F738F0,12653.34,US Dollar,12653.34,US Dollar,Reinvestment,0
2022/09/01 00:05,22129,800F73940,22129,800F73940,5132.54,US Dollar,5132.54,US Dollar,Reinvestment,0
2022/09/01 00:00,531,800F70C00,1291,800F73990,4341.99,US Dollar,4341.99,US Dollar,Cheque,0
2022/09/01 00:21,2545,800F77470,12592,800F74B80,1616.00,US Dollar,1616.00,US Dollar,ACH,0
2022/09/01 00:22,22481,800F75A50,22481,800F75A50,16129.71,US Dollar,16129.71,US Dollar,Reinvestment,0
2022/09/01 00:05,531,800F6F960,349,800F75F00,1976.57,US Dollar,1976.57,US Dollar,Cheque,0
2022/09/01 00:27,2545,800F77470,2545,800F77470,25838.52,US Dollar,25838.52,US Dollar,Reinvestment,0
2022/09/01 00:26,1217,800F778B0,1217,800F778B0,1772.36,US Dollar,1772.36,US Dollar,Reinvestment,0
2022/09/01 00:21,1812,800F713D0,13354,8013E3D20,483.00,US Dollar,483.00,US Dollar,ACH,0
2022/09/01 00:18,31587,8014C4D90,31587,8014C4D90,36.56,US Dollar,36.56,US Dollar,Reinvestment,0
2022/09/01 00:05,1422,8014CA630,394,8014C5960,3479.00,US Dollar,3479.00,US Dollar,ACH,0
2022/09/01 00:28,1889,800F716F0,3389,8014C6120,4072.75,US Dollar,4072.75,US Dollar,ACH,0
2022/09/01 00:29,1812,800F713D0,13354,8014CA680,706.00,US Dollar,706.00,US Dollar,ACH,0
2022/09/01 00:23,20,80005A340,2545,800F71F70,19732.00,US Dollar,19732.00,US Dollar,ACH,0
2022/09/01 00:22,531,800F6F960,531,800F6F960,20.15,US Dollar,20.15,US Dollar,Reinvestment,0
2022/09/01 00:25,11222,800F70400,11968,80CB23DC0,56.02,US Dollar,56.02,US Dollar,Credit Card,0
2022/09/01 00:23,2545,800F704A0,15786,8131C2670,49.10,US Dollar,49.10,US Dollar,Credit Card,0
2022/09/01 00:05,12592,800F71C50,12592,800F71C50,14.72,US Dollar,14.72,US Dollar,Reinvestment,0
2022/09/01 00:15,1231,800F738A0,5621,806C2A240,450.34,US Dollar,450.34,US Dollar,Credit Card,0
2022/09/01 00:04,1638,800F738F0,1638,800F738F0,18.19,US Dollar,18.19,US Dollar,Reinvestment,0
2022/09/01 00:07,1291,800F73990,22224,812BE7D00,6.10,US Dollar,6.10,US Dollar,Credit Card,0
2022/09/01 00:10,11770,800F74340,241912,810D61250,32.91,US Dollar,32.91,US Dollar,Credit Card,0
2022/09/01 00:22,12592,800F74B80,11968,80CB23DC0,4.72,US Dollar,4.72,US Dollar,Credit Card,0
2022/09/01 00:24,22364,800F75220,114721,8118E7B00,11.13,US Dollar,11.13,US Dollar,Credit Card,0
2022/09/01 00:22,2860,800F75290,151250,8131C2620,160.83,US Dollar,160.83,US Dollar,Credit Card,0
2022/09/01 00:03,22481,800F75A50,22481,800F75A50,18.79,US Dollar,18.79,US Dollar,Reinvestment,0
2022/09/01 00:18,349,800F75F00,223113,8113902,179.43,US Dollar,179.43,US Dollar,Credit Card,0
2022/09/01 00:00,1889,800F77250,11968,80CB23DC0,140.68,US Dollar,140.68,US Dollar,Credit Card,0
2022/09/01 00:01,13354,8013E3D20,151250,8131C2620,17.57,US Dollar,17.57,US Dollar,Credit Card,0
2022/09/01 00:12,394,8014C5960,8801,80CDF0700,42.64,US Dollar,42.64,US Dollar,Credit Card,0
2022/09/01 00:00,3389,8014C6120,11968,80CB23DC0,150.28,US Dollar,150.28,US Dollar,Credit Card,0
2022/09/01 00:02,13354,8014CA680,11968,80CB23DC0,121.19,US Dollar,121.19,US Dollar,Credit Card,0
2022/09/01 00:17,13354,8014D0C40,13354,8014D0C40,1578.16,US Dollar,1578.16,US Dollar,Reinvestment,0
2022/09/01 00:17,33563,8014D6EF0,33563,8014D6EF0,25238.42,US Dollar,25238.42,US Dollar,Reinvestment,0
2022/09/01 00:18,3533,8014D70C0,12063,8014D7070,1288507.00,US Dollar,1288507.00,US Dollar,ACH,0
2022/09/01 00:13,3533,8014D70C0,3533,8014D70C0,2383.60,US Dollar,2383.60,US Dollar,Reinvestment,0
2022/09/01 00:13,12966,8015238B0,12966,8015238B0,2049.68,US Dollar,2049.68,US Dollar,Reinvestment,0
2022/09/01 00:29,13474,8014CF900,56335,81A89E7B0,16.48,US Dollar,16.48,US Dollar,Credit Card,0
2022/09/01 00:21,13354,8014D0C40,13354,8014D0C40,8.09,US Dollar,8.09,US Dollar,Reinvestment,0
2022/09/01 00:18,11,8014D2420,11,8014D2420,23.15,US Dollar,23.15,US Dollar,Reinvestment,0
2022/09/01 00:18,12063,8014D7070,28958,806B44A40,6.28,US Dollar,6.28,US Dollar,Credit Card,0
2022/09/01 00:16,22129,8014D7290,22129,8014D7290,12.18,US Dollar,12.18,US Dollar,Reinvestment,0
2022/09/01 00:13,1439,"8,01533E+075",1439,"8,01533E+075",14.24,US Dollar,14.24,US Dollar,Reinvestment,0
2022/09/01 00:26,13354,80145D9E0,13354,80145D9E0,6916720.40,US Dollar,6916720.40,US Dollar,Reinvestment,0
2022/09/01 00:26,20,801565C50,20,801565C50,684.65,US Dollar,684.65,US Dollar,Reinvestment,0
2022/09/01 00:28,31984,8015662B0,31984,8015662B0,237.10,US Dollar,237.10,US Dollar,Reinvestment,0
2022/09/01 00:09,33668,801566300,33668,801566300,4681.16,US Dollar,4681.16,US Dollar,Reinvestment,0
2022/09/01 00:26,1439,8015677,13125,8015664D0,337647.00,US Dollar,337647.00,US Dollar,ACH,0
2022/09/01 00:29,3914,80160DD30,3914,80160DD30,12093.52,US Dollar,12093.52,US Dollar,Reinvestment,0
2022/09/01 00:24,1217,801565CA0,3500,8072E32C0,31.28,US Dollar,31.28,US Dollar,Credit Card,0
2022/09/01 00:00,13125,8015664D0,22129,804192180,107.85,US Dollar,107.85,US Dollar,Credit Card,0
2022/09/01 00:00,2196,80160DD80,234933,80CF296D0,19.09,US Dollar,19.09,US Dollar,Credit Card,0
2022/09/01 00:12,20,800044230,20,800044230,43754.43,US Dollar,43754.43,US Dollar,Reinvestment,0
2022/09/01 00:07,12,800056090,12,800056090,7666.72,US Dollar,7666.72,US Dollar,Reinvestment,0
2022/09/01 00:04,70,10042B660,20,800054200,700620.29,US Dollar,700620.29,US Dollar,Cheque,0
2022/09/01 00:06,1,800054290,1,800054290,891489.28,US Dollar,891489.28,US Dollar,Reinvestment,0
2022/09/01 00:13,1,800056ED0,1,800056ED0,32027235.31,US Dollar,32027235.31,US Dollar,Reinvestment,0
2022/09/01 00:05,1,800056ED0,1,800056ED0,21.08,US Dollar,21.08,US Dollar,Reinvestment,0
2022/09/01 00:04,20,800057270,20,800057270,392427.50,US Dollar,392427.50,US Dollar,Reinvestment,0
2022/09/01 00:16,20,800057660,20,800057660,5309.40,US Dollar,5309.40,US Dollar,Cheque,0
2022/09/01 00:22,12,"8,00057E+035",12,"8,00057E+035",291136.22,US Dollar,291136.22,US Dollar,Reinvestment,0
2022/09/01 00:01,12,"8,00057E+035",12,"8,00057E+035",8.77,US Dollar,8.77,US Dollar,Reinvestment,0
2022/09/01 00:14,20,8000581F0,20,8000581F0,23.00,US Dollar,23.00,US Dollar,Reinvestment,0
2022/09/01 00:25,20,800058C60,20,800058C60,894010.36,US Dollar,894010.36,US Dollar,Reinvestment,0
2022/09/01 00:12,20,800059410,20,800059410,122921.49,US Dollar,122921.49,US Dollar,Reinvestment,0
2022/09/01 00:25,20,8000563,20,8000563,32496.70,US Dollar,32496.70,US Dollar,Reinvestment,0
2022/09/01 00:05,1,80005A0E0,1,80005A0E0,15.33,US Dollar,15.33,US Dollar,Reinvestment,0
2022/09/01 00:16,20,80005A340,20,80005A340,1810272.39,US Dollar,1810272.39,US Dollar,Reinvestment,0
2022/09/01 00:27,224,80005A930,224,80005A930,18.84,US Dollar,18.84,US Dollar,Reinvestment,0
2022/09/01 00:17,224,80005ACF0,224,80005ACF0,95369.47,US Dollar,95369.47,US Dollar,Reinvestment,0
2022/09/01 00:05,20,80005B040,20,80005B040,117164.60,US Dollar,117164.60,US Dollar,Reinvestment,0
2022/09/01 00:28,20,80005B040,20,80005B040,15.81,US Dollar,15.81,US Dollar,Reinvestment,0
2022/09/01 00:06,11,800058480,11,800058480,190623.14,US Dollar,190623.14,US Dollar,Reinvestment,0
2022/09/01 00:22,11,80005BB60,11,80005BB60,1267704.14,US Dollar,1267704.14,US Dollar,Reinvestment,0
2022/09/01 00:00,1,80005CA70,1,80005CA70,20021.25,US Dollar,20021.25,US Dollar,Reinvestment,0
2022/09/01 00:10,1,80005CA70,1,80005CA70,31923.49,US Dollar,31923.49,US Dollar,Cheque,0
2022/09/01 00:14,20,80005CDA0,20,80005CDA0,9.58,US Dollar,9.58,US Dollar,Reinvestment,0
2022/09/01 00:04,12,80005D160,12,80005D160,11.41,US Dollar,11.41,US Dollar,Reinvestment,0
2022/09/01 00:27,20,80005DA20,20,80005DA20,96089.81,US Dollar,96089.81,US Dollar,Reinvestment,0
2022/09/01 00:28,20,80005DD70,20,80005DD70,14.62,US Dollar,14.62,US Dollar,Reinvestment,0
2022/09/01 00:03,11,80005E750,11,80005E750,188755.39,US Dollar,188755.39,US Dollar,Reinvestment,0
2022/09/01 00:06,11,80005E750,11,80005E750,81701.93,US Dollar,81701.93,US Dollar,Cheque,0
2022/09/01 00:08,11,80005E750,11,80005E750,7527.70,US Dollar,7527.70,US Dollar,Credit Card,0
2022/09/01 00:09,11,80005E750,11,80005E750,201551.63,US Dollar,201551.63,US Dollar,Wire,0
2022/09/01 00:28,12,80005EA80,12,80005EA80,10406.57,US Dollar,10406.57,US Dollar,Cheque,0
2022/09/01 00:18,12,80005EA80,12,80005EA80,17355.00,US Dollar,17355.00,US Dollar,Cash,0
2022/09/01 00:27,1,80005F620,1,80005F620,686.74,US Dollar,686.74,US Dollar,Cheque,0
2022/09/01 00:10,1,80005F620,1,80005F620,2124.57,US Dollar,2124.57,US Dollar,Credit Card,0
2022/09/01 00:05,1,80005F620,1,80005F620,343.56,US Dollar,343.56,US Dollar,ACH,0
2022/09/01 00:09,20,80005F910,20,80005F910,22.22,US Dollar,22.22,US Dollar,Reinvestment,0
2022/09/01 00:17,11,8000ED820,11,8000ED820,17.83,US Dollar,17.83,US Dollar,Reinvestment,0
2022/09/01 00:19,11,8000EDF00,11,8000EDF00,1092631.31,US Dollar,1092631.31,US Dollar,Reinvestment,0
2022/09/01 00:06,20,8000EE770,20,8000EE770,11.08,US Dollar,11.08,US Dollar,Reinvestment,0
2022/09/01 00:24,20,8000EEC20,20,8000EEC20,12462.52,US Dollar,12462.52,US Dollar,Reinvestment,0
2022/09/01 00:09,12,8000EF760,12,8000EF760,6263655.65,US Dollar,6263655.65,US Dollar,Reinvestment,0
2022/09/01 00:23,20,800057BB0,12,8000EF760,145706.30,US Dollar,145706.30,US Dollar,Cheque,0
2022/09/01 00:21,20,800057BB0,12,8000EF760,21801.96,US Dollar,21801.96,US Dollar,Wire,0
2022/09/01 00:10,224,8000F0B00,224,8000F0B00,727.67,US Dollar,727.67,US Dollar,Reinvestment,0
2022/09/01 00:03,11,8000F9340,11,8000F9340,254047.50,US Dollar,254047.50,US Dollar,Reinvestment,0
2022/09/01 00:20,224,80005B7C0,224,80005B7C0,9992.86,US Dollar,9992.86,US Dollar,Reinvestment,0
2022/09/01 00:22,12,8000F8D20,12,8000F8D20,594.24,US Dollar,594.24,US Dollar,Reinvestment,0
2022/09/01 00:18,20,8000F8990,139833,812116FE0,32.70,US Dollar,32.70,US Dollar,Credit Card,0
2022/09/01 00:09,20,8000F8CD0,20,8000F8CD0,10.79,US Dollar,10.79,US Dollar,Reinvestment,0
2022/09/01 00:00,11,8000FA930,11,8000FA930,32420.35,US Dollar,32420.35,US Dollar,Reinvestment,0
2022/09/01 00:04,11,8000FAE50,11,8000FAE50,318410.69,US Dollar,318410.69,US Dollar,Reinvestment,0
2022/09/01 00:03,20,800058C10,11,8000FAE50,69522.31,US Dollar,69522.31,US Dollar,Cheque,0
2022/09/01 00:23,20,800058C10,11,8000FAE50,42576.97,US Dollar,42576.97,US Dollar,ACH,0
2022/09/01 00:06,12,8000FB2E0,12,8000FB2E0,15.57,US Dollar,15.57,US Dollar,Reinvestment,0
2022/09/01 00:02,224,8000FBE20,224,8000FBE20,10.50,US Dollar,10.50,US Dollar,Reinvestment,0
2022/09/01 00:14,1,8000FCD60,1,8000FCD60,489108.41,US Dollar,489108.41,US Dollar,Reinvestment,0
2022/09/01 00:13,1,8000FE080,1,8000FE080,532564.79,US Dollar,532564.79,US Dollar,Reinvestment,0
2022/09/01 00:17,70,10042B660,12,8001004,2885.95,US Dollar,2885.95,US Dollar,Cheque,0
2022/09/01 00:29,70,10042B660,12,8001004,5178.64,US Dollar,5178.64,US Dollar,Cash,0
2022/09/01 00:20,1217,800100AC0,1217,800100AC0,61521.96,US Dollar,61521.96,US Dollar,Reinvestment,0
2022/09/01 00:17,224,8000FC430,224,8000FC430,1867121.32,US Dollar,1867121.32,US Dollar,Reinvestment,0
2022/09/01 00:12,11,800100250,11,800100250,9795.13,US Dollar,9795.13,US Dollar,Reinvestment,0
2022/09/01 00:14,224,8000FC430,224,8000FC430,18.54,US Dollar,18.54,US Dollar,Reinvestment,0
2022/09/01 00:28,1217,8000FE820,24778,80D9BAC30,28.41,US Dollar,28.41,US Dollar,Credit Card,0
2022/09/01 00:00,11,"8,001E+025",20,8003E2560,46.23,US Dollar,46.23,US Dollar,Credit Card,0
2022/09/01 00:20,11,800101740,11,800101740,738971.41,US Dollar,738971.41,US Dollar,Reinvestment,0
2022/09/01 00:14,1,800101790,1,800101790,7077.98,US Dollar,7077.98,US Dollar,Reinvestment,0
2022/09/01 00:21,11,800101B80,11,800101B80,8414.44,US Dollar,8414.44,US Dollar,Reinvestment,0
2022/09/01 00:22,20,8000FBC30,20,8000FBC30,5.10,US Dollar,5.10,US Dollar,Reinvestment,0
2022/09/01 00:27,12,8000FB050,12,8000FB050,23227.43,US Dollar,23227.43,US Dollar,Reinvestment,0
2022/09/01 00:26,1217,800104060,1217,800104060,32050.98,US Dollar,32050.98,US Dollar,Reinvestment,0
2022/09/01 00:05,20,8001044D0,20,8001044D0,421288.53,US Dollar,421288.53,US Dollar,Reinvestment,0
2022/09/01 00:03,20,800104CB0,20,800104CB0,678450.71,US Dollar,678450.71,US Dollar,Reinvestment,0
2022/09/01 00:00,3200,8001052C0,3200,8001052C0,17748.52,US Dollar,17748.52,US Dollar,Reinvestment,0
2022/09/01 00:24,12,80005C690,20,800105270,40747.91,US Dollar,40747.91,US Dollar,Cheque,0
2022/09/01 00:18,12,80005C690,20,800105270,9752.12,US Dollar,9752.12,US Dollar,Credit Card,0
2022/09/01 00:06,224,800103B80,224,800103B80,702774.88,US Dollar,702774.88,US Dollar,Reinvestment,0
2022/09/01 00:02,3209,800103C20,3209,800103C20,16360.80,US Dollar,16360.80,US Dollar,Reinvestment,0
2022/09/01 00:13,3210,800104770,20,8001046D0,1218.74,US Dollar,1218.74,US Dollar,ACH,0
2022/09/01 00:26,224,800103B80,224,800103B80,20.82,US Dollar,20.82,US Dollar,Reinvestment,0
2022/09/01 00:01,3208,800103790,3208,800103790,5226.78,US Dollar,5226.78,US Dollar,Reinvestment,0
2022/09/01 00:04,20,8001063F0,20,8001063F0,232885.22,US Dollar,232885.22,US Dollar,Reinvestment,0
2022/09/01 00:22,20,800106440,20,800106440,31134.85,US Dollar,31134.85,US Dollar,Reinvestment,0
2022/09/01 00:26,20,800106490,20,800106490,21.21,US Dollar,21.21,US Dollar,Reinvestment,0
2022/09/01 00:03,224,8001034,224,8001034,20.56,US Dollar,20.56,US Dollar,Reinvestment,0
2022/09/01 00:08,1217,800107560,1217,800107560,2897.96,US Dollar,2897.96,US Dollar,Reinvestment,0
2022/09/01 00:18,1217,800107560,1217,800107560,14.51,US Dollar,14.51,US Dollar,Reinvestment,0
2022/09/01 00:01,1231,800108370,1231,800108370,417884.38,US Dollar,417884.38,US Dollar,Reinvestment,0
2022/09/01 00:09,1,800101790,1231,800108370,221714.63,US Dollar,221714.63,US Dollar,Cheque,0
2022/09/01 00:20,1,800101790,1231,800108370,14835.35,US Dollar,14835.35,US Dollar,Credit Card,0
2022/09/01 00:24,1,800101790,1231,800108370,524554.50,US Dollar,524554.50,US Dollar,Cash,0
2022/09/01 00:16,1231,800108370,1231,800108370,22.69,US Dollar,22.69,US Dollar,Reinvestment,0
2022/09/01 00:12,12,800106DA0,12,800106DA0,14.04,US Dollar,14.04,US Dollar,Reinvestment,0
2022/09/01 00:10,12,8001093C0,12,8001093C0,8303.18,US Dollar,8303.18,US Dollar,Reinvestment,0
2022/09/01 00:27,12,8001093C0,12,8001093C0,16.44,US Dollar,16.44,US Dollar,Reinvestment,0
2022/09/01 00:00,20,80005A690,1,800109C10,197626.25,US Dollar,197626.25,US Dollar,Cheque,0
2022/09/01 00:05,20,80005A690,1,800109C10,165123.37,US Dollar,165123.37,US Dollar,Cash,0
2022/09/01 00:15,1217,80010AC70,1217,80010AC70,3.77,US Dollar,3.77,US Dollar,Reinvestment,0
2022/09/01 00:07,12,80010B520,12,80010B520,278295.82,US Dollar,278295.82,US Dollar,Reinvestment,0
2022/09/01 00:04,20,80010BC80,20,80010BC80,15.38,US Dollar,15.38,US Dollar,Reinvestment,0
2022/09/01 00:12,1231,80010C4C0,1231,80010C4C0,12067.64,US Dollar,12067.64,US Dollar,Reinvestment,0
2022/09/01 00:16,20,80005B040,1231,80010C4C0,478.24,US Dollar,478.24,US Dollar,Cheque,0
2022/09/01 00:15,20,80005B040,1231,80010C4C0,152.53,US Dollar,152.53,US Dollar,Credit Card,0
2022/09/01 00:12,20,80005B040,1231,80010C4C0,39.02,US Dollar,39.02,US Dollar,Cash,0
2022/09/01 00:05,20,80005B040,1231,80010C4C0,0.18,US Dollar,0.18,US Dollar,ACH,0
2022/09/01 00:15,12,80005C690,12,80010CF90,3313.62,US Dollar,3313.62,US Dollar,Cheque,0
2022/09/01 00:21,12,80005C690,12,80010CF90,10469.61,US Dollar,10469.61,US Dollar,Wire,0
2022/09/01 00:14,12,80010CF90,12,80010CF90,5.43,US Dollar,5.43,US Dollar,Reinvestment,0
2022/09/01 00:25,20,80010DC40,20,80010DC40,203789.60,US Dollar,203789.60,US Dollar,Reinvestment,0
2022/09/01 00:24,1,80010E9C0,1,80010E9C0,110406.79,US Dollar,110406.79,US Dollar,Reinvestment,0
2022/09/01 00:19,20,80010E3D0,20,80010E3D0,257039.50,US Dollar,257039.50,US Dollar,Reinvestment,0
2022/09/01 00:25,3214,80010E420,3214,80010E420,48500.52,US Dollar,48500.52,US Dollar,Reinvestment,0
2022/09/01 00:00,20,80010E3D0,20,80010E3D0,21.98,US Dollar,21.98,US Dollar,Reinvestment,0
2022/09/01 00:21,20,8000F8990,1,800110370,19958.59,US Dollar,19958.59,US Dollar,Cheque,0
2022/09/01 00:07,20,8000F8990,1,800110370,13938.51,US Dollar,13938.51,US Dollar,Credit Card,0
2022/09/01 00:25,1217,80010FDD0,1217,80010FDD0,9.09,US Dollar,9.09,US Dollar,Reinvestment,0
2022/09/01 00:16,1,8000F8F10,1,8000F8F10,23.37,US Dollar,23.37,US Dollar,Reinvestment,0
2022/09/01 00:21,224,800112AE0,224,800112AE0,12722.98,US Dollar,12722.98,US Dollar,Reinvestment,0
2022/09/01 00:00,1,800112F90,1,800112F90,13.16,US Dollar,13.16,US Dollar,Reinvestment,0
2022/09/01 00:03,224,8000FD180,224,8000FD180,10191.94,US Dollar,10191.94,US Dollar,Reinvestment,0
2022/09/01 00:26,20,"8,00055E+035",20,800115330,7298.67,US Dollar,7298.67,US Dollar,Cash,0
2022/09/01 00:03,20,"8,00055E+035",20,800115330,3286.68,US Dollar,3286.68,US Dollar,ACH,0
2022/09/01 00:10,20,"8,00055E+035",20,800115330,573.75,US Dollar,573.75,US Dollar,Wire,0
2022/09/01 00:14,12,800115B90,12,800115B90,315112.47,US Dollar,315112.47,US Dollar,Reinvestment,0
2022/09/01 00:10,12,800115B90,12,800115B90,19.24,US Dollar,19.24,US Dollar,Reinvestment,0
2022/09/01 00:02,20,8001158B0,20,8001158B0,1103.08,US Dollar,1103.08,US Dollar,Reinvestment,0
2022/09/01 00:26,20,800116490,20,800116490,12520.17,US Dollar,12520.17,US Dollar,Reinvestment,0
2022/09/01 00:17,20,800116CC0,20,800116CC0,452394.68,US Dollar,452394.68,US Dollar,Reinvestment,0
2022/09/01 00:28,12,800116D10,12,800116D10,22686.14,US Dollar,22686.14,US Dollar,Reinvestment,0
2022/09/01 00:26,11,800116990,11,800116990,2724647.44,US Dollar,2724647.44,US Dollar,Reinvestment,0
2022/09/01 00:26,11,800116A30,11,800116A30,9142.36,US Dollar,9142.36,US Dollar,Reinvestment,0
2022/09/01 00:15,1217,800116A80,1217,800116A80,157.70,US Dollar,157.70,US Dollar,Reinvestment,0
2022/09/01 00:17,11,800116A30,11,800116A30,16.60,US Dollar,16.60,US Dollar,Reinvestment,0
2022/09/01 00:21,12,800117550,12,800117550,137121.19,US Dollar,137121.19,US Dollar,Reinvestment,0
2022/09/01 00:25,1,8001160C0,1,8001160C0,3902.34,US Dollar,3902.34,US Dollar,Reinvestment,0
2022/09/01 00:19,20,800117B80,20,800117B80,6968.69,US Dollar,6968.69,US Dollar,Reinvestment,0
2022/09/01 00:01,20,800117B80,20,800117B80,19.41,US Dollar,19.41,US Dollar,Reinvestment,0
2022/09/01 00:27,12,800110830,12,800110830,12362.10,US Dollar,12362.10,US Dollar,Reinvestment,0
2022/09/01 00:00,3214,800110880,3214,800110880,17393.14,US Dollar,17393.14,US Dollar,Reinvestment,0
2022/09/01 00:28,20,800110DE0,20,800110DE0,8639.86,US Dollar,8639.86,US Dollar,Reinvestment,0
2022/09/01 00:26,20,"8,0011E+085",20,"8,0011E+085",104587.69,US Dollar,104587.69,US Dollar,Reinvestment,0
2022/09/01 00:11,224,800113400,224,800113400,3940.72,US Dollar,3940.72,US Dollar,Reinvestment,0
2022/09/01 00:29,1217,800113DE0,1217,800113DE0,29052.12,US Dollar,29052.12,US Dollar,Reinvestment,0
2022/09/01 00:01,1231,800118230,1231,800118230,8357.61,US Dollar,8357.61,US Dollar,Reinvestment,0
2022/09/01 00:11,12,800110830,12,800110830,4.44,US Dollar,4.44,US Dollar,Reinvestment,0
2022/09/01 00:20,20,"8,0011E+085",20,"8,0011E+085",6.37,US Dollar,6.37,US Dollar,Reinvestment,0
2022/09/01 00:22,1217,800113DE0,1217,800113DE0,15.91,US Dollar,15.91,US Dollar,Reinvestment,0
2022/09/01 00:04,12,80011BF30,12,80011BF30,3.22,US Dollar,3.22,US Dollar,Reinvestment,0
2022/09/01 00:14,20,80010E3D0,20,80011D080,3931.06,US Dollar,3931.06,US Dollar,Cheque,0
2022/09/01 00:02,20,80011DDC0,20,80011DDC0,473.18,US Dollar,473.18,US Dollar,Reinvestment,0
2022/09/01 00:10,3221,80011DEB0,3221,80011DEB0,5712.99,US Dollar,5712.99,US Dollar,Reinvestment,0
2022/09/01 00:05,20,80011E2A0,20,80011E2A0,272.09,US Dollar,272.09,US Dollar,Reinvestment,0
2022/09/01 00:17,12,80011DA50,12,80011DA50,12.32,US Dollar,12.32,US Dollar,Reinvestment,0
2022/09/01 00:04,3229,80011A230,20,80011B550,12591.39,US Dollar,12591.39,US Dollar,ACH,0
2022/09/01 00:07,1231,80011A760,1231,80011A760,5650.77,US Dollar,5650.77,US Dollar,Reinvestment,0
2022/09/01 00:24,224,80011A7B0,224,80011A7B0,2605.12,US Dollar,2605.12,US Dollar,Reinvestment,0
2022/09/01 00:18,20,80011B550,20,80011B550,297.75,US Dollar,297.75,US Dollar,Reinvestment,0
2022/09/01 00:21,3225,80011B780,3225,80011B780,1771.52,US Dollar,1771.52,US Dollar,Reinvestment,0
2022/09/01 00:20,3225,80011BBE0,3225,80011BBE0,3572.34,US Dollar,3572.34,US Dollar,Reinvestment,0
2022/09/01 00:09,1217,80011EA20,1217,80011EA20,3665.73,US Dollar,3665.73,US Dollar,Reinvestment,0
2022/09/01 00:04,20,80011B490,115128,806F56120,177.21,US Dollar,177.21,US Dollar,Credit Card,0
2022/09/01 00:11,12,80011C720,12,80011C720,14.21,US Dollar,14.21,US Dollar,Reinvestment,0
2022/09/01 00:28,224,80011CAD0,224,80011CAD0,15.67,US Dollar,15.67,US Dollar,Reinvestment,0
2022/09/01 00:15,1217,800119C70,1217,800119C70,1347414.02,US Dollar,1347414.02,US Dollar,Reinvestment,0
2022/09/01 00:03,20,800119D10,20,800119D10,17271.71,US Dollar,17271.71,US Dollar,Reinvestment,0
2022/09/01 00:01,1217,800119C70,1217,800119C70,7.17,US Dollar,7.17,US Dollar,Reinvestment,0
2022/09/01 00:24,11,800122090,11,800122090,52942.23,US Dollar,52942.23,US Dollar,Reinvestment,0
2022/09/01 00:06,11,800121C30,11,800121C30,6.51,US Dollar,6.51,US Dollar,Reinvestment,0
2022/09/01 00:01,20,800122DB0,20,800122DB0,396903.38,US Dollar,396903.38,US Dollar,Reinvestment,0
2022/09/01 00:08,20,800122DB0,20,800122DB0,22.28,US Dollar,22.28,US Dollar,Reinvestment,0
2022/09/01 00:21,224,8001242C0,224,8001242C0,1757753.23,US Dollar,1757753.23,US Dollar,Reinvestment,0
2022/09/01 00:23,20,800127430,20,800127430,5678.54,US Dollar,5678.54,US Dollar,Reinvestment,0
2022/09/01 00:16,20,8000F9FA0,20,8000F9FA0,134722.14,US Dollar,134722.14,US Dollar,Reinvestment,0
2022/09/01 00:25,224,800127B30,224,800127B30,2659.37,US Dollar,2659.37,US Dollar,Reinvestment,0
2022/09/01 00:26,12,800127AE0,12,800127AE0,4.02,US Dollar,4.02,US Dollar,Reinvestment,0
2022/09/01 00:09,20,800128120,20,800128120,261742.10,US Dollar,261742.10,US Dollar,Reinvestment,0
2022/09/01 00:08,224,8000EFBD0,224,8000EFBD0,296375.56,US Dollar,296375.56,US Dollar,Reinvestment,0
2022/09/01 00:07,12,8000EFB10,12,8000EFB10,119222.47,US Dollar,119222.47,US Dollar,Reinvestment,0
2022/09/01 00:01,1,800128B70,1,800128B70,1702.37,US Dollar,1702.37,US Dollar,Reinvestment,0
2022/09/01 00:06,70,10042B660,12,8000EFB10,1096731.69,US Dollar,1096731.69,US Dollar,Cheque,0
2022/09/01 00:02,70,10042B660,12,8000EFB10,2623544.80,US Dollar,2623544.80,US Dollar,Cash,0
2022/09/01 00:19,1,800129270,1,800129270,539962.16,US Dollar,539962.16,US Dollar,Reinvestment,0
2022/09/01 00:22,12,800129FA0,12,800129FA0,24.95,US Dollar,24.95,US Dollar,Reinvestment,0
2022/09/01 00:26,1217,80012A2B0,1217,80012A2B0,517.87,US Dollar,517.87,US Dollar,Reinvestment,0
2022/09/01 00:06,1231,800129C90,1231,800129C90,19.28,US Dollar,19.28,US Dollar,Reinvestment,0
2022/09/01 00:08,20,80012A210,20,80012A210,22.45,US Dollar,22.45,US Dollar,Reinvestment,0
2022/09/01 00:20,1231,80012B050,1231,80012B050,12.09,US Dollar,12.09,US Dollar,Reinvestment,0
2022/09/01 00:26,224,80012B4B0,224,80012B4B0,134202.18,US Dollar,134202.18,US Dollar,Reinvestment,0
2022/09/01 00:16,12,800106DA0,224,80012B4B0,6982.70,US Dollar,6982.70,US Dollar,Cheque,0
2022/09/01 00:02,12,800106DA0,224,80012B4B0,2215.06,US Dollar,2215.06,US Dollar,Credit Card,0
2022/09/01 00:12,20,80012B8F0,20,80012B8F0,437404.94,US Dollar,437404.94,US Dollar,Reinvestment,0
2022/09/01 00:19,3208,800127EE0,224,800128F90,10585.95,US Dollar,10585.95,US Dollar,ACH,0
2022/09/01 00:07,224,800127F30,224,800127F30,21085.91,US Dollar,21085.91,US Dollar,Reinvestment,0
2022/09/01 00:17,3200,800129750,20,80012AC30,46.61,US Dollar,46.61,US Dollar,ACH,0
2022/09/01 00:09,12,80012AB90,12,80012AB90,7552.71,US Dollar,7552.71,US Dollar,Reinvestment,0
2022/09/01 00:00,224,80012D050,224,80012D050,23060.55,US Dollar,23060.55,US Dollar,Reinvestment,0
2022/09/01 00:04,20,80012DFA0,20,80012DFA0,912840.57,US Dollar,912840.57,US Dollar,Reinvestment,0
2022/09/01 00:01,20,80005A340,20,80012DFA0,56383.80,US Dollar,56383.80,US Dollar,Cheque,0
2022/09/01 00:07,20,80005A340,20,80012DFA0,15932.46,US Dollar,15932.46,US Dollar,Cash,0
2022/09/01 00:09,20,80005A340,20,80012DFA0,6707.07,US Dollar,6707.07,US Dollar,ACH,0
2022/09/01 00:11,11,80012F3F0,11,80012F3F0,14.00,US Dollar,14.00,US Dollar,Reinvestment,0
2022/09/01 00:14,224,800130160,224,800130160,117104.51,US Dollar,117104.51,US Dollar,Reinvestment,0
2022/09/01 00:08,224,800130160,224,800130160,9.74,US Dollar,9.74,US Dollar,Reinvestment,0
2022/09/01 00:11,1231,800129C40,1231,800129C40,225909.87,US Dollar,225909.87,US Dollar,Reinvestment,0
2022/09/01 00:29,224,800131280,224,800131280,111.46,US Dollar,111.46,US Dollar,Reinvestment,0
2022/09/01 00:15,3235,800131C40,3235,800131C40,741.51,US Dollar,741.51,US Dollar,Reinvestment,0
2022/09/01 00:02,1231,800131F10,1231,800131F10,18664.15,US Dollar,18664.15,US Dollar,Reinvestment,0
2022/09/01 00:23,224,800131280,224,800131280,8.30,US Dollar,8.30,US Dollar,Reinvestment,0
2022/09/01 00:01,3210,80012FEA0,3210,80012FEA0,4411.72,US Dollar,4411.72,US Dollar,Reinvestment,0
2022/09/01 00:19,1231,800130DD0,1231,800130DD0,1286.16,US Dollar,1286.16,US Dollar,Reinvestment,0
2022/09/01 00:17,1217,"8,0013E+075",1217,"8,0013E+075",6106.81,US Dollar,6106.81,US Dollar,Reinvestment,0
2022/09/01 00:07,1231,80012FD10,1231,80012FD10,23.01,US Dollar,23.01,US Dollar,Reinvestment,0
2022/09/01 00:01,224,800132640,11770,8095CEF90,15.99,US Dollar,15.99,US Dollar,Credit Card,0
2022/09/01 00:29,20,800132C60,20,800132C60,2712015.15,US Dollar,2712015.15,US Dollar,Reinvestment,0
2022/09/01 00:17,12,800125460,12,800125460,3073452.08,US Dollar,3073452.08,US Dollar,Reinvestment,0
2022/09/01 00:22,11,80012D6D0,11,80012D6D0,7485.62,US Dollar,7485.62,US Dollar,Reinvestment,0
2022/09/01 00:03,224,80012DC10,224,80012DC10,6410.07,US Dollar,6410.07,US Dollar,Reinvestment,0
2022/09/01 00:25,20,80012F900,20,80012F900,20905.94,US Dollar,20905.94,US Dollar,Reinvestment,0
2022/09/01 00:28,12,800106DA0,12,80012F630,9898587.11,US Dollar,9898587.11,US Dollar,Cheque,0
2022/09/01 00:11,12,800106DA0,12,80012F630,21574.15,US Dollar,21574.15,US Dollar,Credit Card,0
2022/09/01 00:11,12,800106DA0,12,80012F630,3173854.66,US Dollar,3173854.66,US Dollar,ACH,0
2022/09/01 00:01,12,800125460,12,800125460,8.61,US Dollar,8.61,US Dollar,Reinvestment,0
2022/09/01 00:07,11,80012D6D0,11,80012D6D0,15.98,US Dollar,15.98,US Dollar,Reinvestment,0
2022/09/01 00:00,1231,80012DBC0,1231,80012DBC0,10.58,US Dollar,10.58,US Dollar,Reinvestment,0
2022/09/01 00:12,12,80012F630,12,80012F630,4.86,US Dollar,4.86,US Dollar,Reinvestment,0
2022/09/01 00:19,20,80012F900,20,80012F900,11.19,US Dollar,11.19,US Dollar,Reinvestment,0
2022/09/01 00:25,12,8001330,11222,815805430,12.59,US Dollar,12.59,US Dollar,Credit Card,0
2022/09/01 00:09,11,8001348B0,11,8001348B0,18.15,US Dollar,18.15,US Dollar,Reinvestment,0
2022/09/01 00:05,1,800135360,1,800135360,1432791.51,US Dollar,1432791.51,US Dollar,Reinvestment,0
2022/09/01 00:12,11,800135A60,11,800135A60,66436.45,US Dollar,66436.45,US Dollar,Reinvestment,0
2022/09/01 00:18,11,800135A60,11,800135A60,24.67,US Dollar,24.67,US Dollar,Reinvestment,0
2022/09/01 00:28,1217,"8,00135E+075",1217,"8,00135E+075",343659.49,US Dollar,343659.49,US Dollar,Reinvestment,0
2022/09/01 00:13,1217,"8,00135E+075",1217,"8,00135E+075",16.88,US Dollar,16.88,US Dollar,Reinvestment,0
2022/09/01 00:23,1231,800138370,1231,800138370,1423609.38,US Dollar,1423609.38,US Dollar,Reinvestment,0
2022/09/01 00:09,20,800138AC0,20,800138AC0,3966431.59,US Dollar,3966431.59,US Dollar,Reinvestment,0
2022/09/01 00:18,20,800138F00,20,800138F00,47101.01,US Dollar,47101.01,US Dollar,Reinvestment,0
2022/09/01 00:27,1231,8001398D0,1231,8001398D0,665.14,US Dollar,665.14,US Dollar,Reinvestment,0
2022/09/01 00:07,20,800139920,20,800139920,300.64,US Dollar,300.64,US Dollar,Reinvestment,0
2022/09/01 00:26,1231,8001398D0,1231,8001398D0,18.00,US Dollar,18.00,US Dollar,Reinvestment,0
2022/09/01 00:16,224,800127B30,20,80013A140,114987.45,US Dollar,114987.45,US Dollar,Cheque,0
2022/09/01 00:00,224,800127B30,20,80013A140,10788.19,US Dollar,10788.19,US Dollar,Credit Card,0
2022/09/01 00:25,224,800127B30,20,80013A140,11729.33,US Dollar,11729.33,US Dollar,Cash,0
2022/09/01 00:05,224,800127B30,20,80013A140,7378.27,US Dollar,7378.27,US Dollar,ACH,0
2022/09/01 00:07,20,80013A140,20,80013A140,23.12,US Dollar,23.12,US Dollar,Reinvestment,0
2022/09/01 00:20,70,10042B660,1231,80013AF70,3834.34,US Dollar,3834.34,US Dollar,Cheque,0
2022/09/01 00:23,70,10042B660,1231,80013AF70,5742.37,US Dollar,5742.37,US Dollar,Credit Card,0
2022/09/01 00:20,70,10042B660,1231,80013AF70,1121.28,US Dollar,1121.28,US Dollar,Cash,0
2022/09/01 00:22,1217,80013DE80,1217,80013DE80,130882.65,US Dollar,130882.65,US Dollar,Reinvestment,0
2022/09/01 00:06,3234,80013CC00,12,80013D3E0,1156.51,US Dollar,1156.51,US Dollar,ACH,0
2022/09/01 00:13,20,80013CC50,224,80013CDE0,2750828.00,US Dollar,2750828.00,US Dollar,ACH,0
2022/09/01 00:19,3200,80013D390,3200,80013D390,28.73,US Dollar,28.73,US Dollar,Reinvestment,0
2022/09/01 00:05,1,80013DBE0,1,80013DBE0,1540.53,US Dollar,1540.53,US Dollar,Reinvestment,0
2022/09/01 00:27,224,80013CDE0,8801,8075380F0,33.08,US Dollar,33.08,US Dollar,Credit Card,0
2022/09/01 00:10,1217,80013D2A0,18747,816D90BF0,287.38,US Dollar,287.38,US Dollar,Credit Card,0
2022/09/01 00:14,20,800140D50,20,800140D50,76198.72,US Dollar,76198.72,US Dollar,Reinvestment,0
2022/09/01 00:17,11,8001414F0,1,8001414A0,9940725.00,US Dollar,9940725.00,US Dollar,Cheque,0
2022/09/01 00:11,11,8001414F0,11,8001414F0,2458.85,US Dollar,2458.85,US Dollar,Reinvestment,0
2022/09/01 00:26,1,8001414A0,219368,80745B140,5.53,US Dollar,5.53,US Dollar,Credit Card,0
2022/09/01 00:21,11,8001414F0,11,8001414F0,24.01,US Dollar,24.01,US Dollar,Reinvestment,0
2022/09/01 00:23,224,8001420B0,224,8001420B0,3349.25,US Dollar,3349.25,US Dollar,Reinvestment,0
2022/09/01 00:06,20,800142060,20,800142060,20.03,US Dollar,20.03,US Dollar,Reinvestment,0
2022/09/01 00:21,20,800140950,20,800140950,5257438.69,US Dollar,5257438.69,US Dollar,Reinvestment,0
2022/09/01 00:01,1217,8001409A0,1217,8001409A0,489.44,US Dollar,489.44,US Dollar,Reinvestment,0
2022/09/01 00:26,12,8001409F0,12,8001409F0,2708.14,US Dollar,2708.14,US Dollar,Reinvestment,0
2022/09/01 00:07,3202,800141060,20,800140950,0.01,US Dollar,0.01,US Dollar,Cheque,0
2022/09/01 00:21,3233,800142460,3233,800142460,117.27,US Dollar,117.27,US Dollar,Reinvestment,0
2022/09/01 00:25,20,800140950,20,800140950,22.13,US Dollar,22.13,US Dollar,Reinvestment,0
2022/09/01 00:25,12,8001409F0,12,8001409F0,16.61,US Dollar,16.61,US Dollar,Reinvestment,0
2022/09/01 00:00,1231,800141DD0,1231,800141DD0,21.26,US Dollar,21.26,US Dollar,Reinvestment,0
2022/09/01 00:19,1231,800144920,1231,800144920,210837.20,US Dollar,210837.20,US Dollar,Reinvestment,0
2022/09/01 00:26,3210,800140140,3210,800140140,447.62,US Dollar,447.62,US Dollar,Reinvestment,0
2022/09/01 00:28,20,8001404B0,20,8001404B0,2611.72,US Dollar,2611.72,US Dollar,Reinvestment,0
2022/09/01 00:28,11,8001431B0,11,8001431B0,14449.15,US Dollar,14449.15,US Dollar,Reinvestment,0
2022/09/01 00:26,12,800143570,12,800143570,9268.09,US Dollar,9268.09,US Dollar,Reinvestment,0
2022/09/01 00:20,12,800143C90,12,800143C90,8841.83,US Dollar,8841.83,US Dollar,Reinvestment,0
2022/09/01 00:28,3221,800144000,3221,800144000,17962.65,US Dollar,17962.65,US Dollar,Reinvestment,0
2022/09/01 00:10,3208,8001440F0,3208,8001440F0,512.48,US Dollar,512.48,US Dollar,Reinvestment,0
2022/09/01 00:19,12,800144190,12,800144190,1721.63,US Dollar,1721.63,US Dollar,Reinvestment,0
2022/09/01 00:05,1,800144370,1,800144370,15214.86,US Dollar,15214.86,US Dollar,Reinvestment,0
2022/09/01 00:01,12,800144410,12,800144410,2948.73,US Dollar,2948.73,US Dollar,Reinvestment,0
2022/09/01 00:10,1217,800140070,34117,80E0DD550,154.84,US Dollar,154.84,US Dollar,Credit Card,0
2022/09/01 00:24,12,800143570,12,800143570,16.42,US Dollar,16.42,US Dollar,Reinvestment,0
2022/09/01 00:21,12,800143D30,113213,808A4C330,84.86,US Dollar,84.86,US Dollar,Credit Card,0
2022/09/01 00:05,1,800144370,1,800144370,17.10,US Dollar,17.10,US Dollar,Reinvestment,0
2022/09/01 00:21,224,800147010,224,800147010,31155.33,US Dollar,31155.33,US Dollar,Reinvestment,0
2022/09/01 00:05,12,800146870,12,800146870,17863.13,US Dollar,17863.13,US Dollar,Reinvestment,0
2022/09/01 00:23,11,800147320,11,800147320,13755.63,US Dollar,13755.63,US Dollar,Reinvestment,0
2022/09/01 00:22,3232,800147590,12,800146690,4332.58,US Dollar,4332.58,US Dollar,ACH,0
2022/09/01 00:02,1217,8001475,1217,8001475,9921.19,US Dollar,9921.19,US Dollar,Reinvestment,0
2022/09/01 00:23,224,80013AB30,12,800146690,343925438.98,US Dollar,343925438.98,US Dollar,Cheque,0
2022/09/01 00:05,224,80013AB30,12,800146690,25991.77,US Dollar,25991.77,US Dollar,Credit Card,0
2022/09/01 00:12,224,80013AB30,12,800146690,459319902.10,US Dollar,459319902.10,US Dollar,Cash,0
2022/09/01 00:08,224,80013AB30,12,800146690,538582252.32,US Dollar,538582252.32,US Dollar,ACH,0
2022/09/01 00:26,12,800146870,12,800146870,19.60,US Dollar,19.60,US Dollar,Reinvestment,0
2022/09/01 00:19,1217,8001475,1217,8001475,6.19,US Dollar,6.19,US Dollar,Reinvestment,0
2022/09/01 00:28,3214,80013B730,3214,80013B730,4336.00,US Dollar,4336.00,US Dollar,Reinvestment,0
2022/09/01 00:17,3230,80013B910,3230,80013B910,13438.07,US Dollar,13438.07,US Dollar,Reinvestment,0
2022/09/01 00:04,12,80013B960,12,80013B960,2286.90,US Dollar,2286.90,US Dollar,Reinvestment,0
2022/09/01 00:08,3230,80013BC80,3230,80013BC80,983.95,US Dollar,983.95,US Dollar,Reinvestment,0
2022/09/01 00:16,3258,80013BEB0,3258,80013BEB0,27771.48,US Dollar,27771.48,US Dollar,Reinvestment,0
2022/09/01 00:26,12,80013C340,12,80013C340,20964.18,US Dollar,20964.18,US Dollar,Reinvestment,0
2022/09/01 00:14,1217,80013EE50,1217,80013EE50,15364.78,US Dollar,15364.78,US Dollar,Reinvestment,0
2022/09/01 00:28,1,80013EEA0,1,80013EEA0,782.95,US Dollar,782.95,US Dollar,Reinvestment,0
2022/09/01 00:08,20,80013EFE0,20,80013EFE0,12798.82,US Dollar,12798.82,US Dollar,Reinvestment,0
2022/09/01 00:12,3245,80013F490,3245,80013F490,4348.93,US Dollar,4348.93,US Dollar,Reinvestment,0
2022/09/01 00:18,1,800146310,1,800146310,5438.12,US Dollar,5438.12,US Dollar,Reinvestment,0
2022/09/01 00:25,12,80013B960,12,80013B960,18.84,US Dollar,18.84,US Dollar,Reinvestment,0
2022/09/01 00:22,11,80013C4D0,137268,810FF9E50,42.13,US Dollar,42.13,US Dollar,Credit Card,0
2022/09/01 00:12,20,80013EFE0,20,80013EFE0,5.73,US Dollar,5.73,US Dollar,Reinvestment,0
2022/09/01 00:21,1217,80013F4E0,1217,80013F4E0,12.32,US Dollar,12.32,US Dollar,Reinvestment,0
2022/09/01 00:19,1231,800146220,1231,800146220,8.82,US Dollar,8.82,US Dollar,Reinvestment,0
2022/09/01 00:13,11,80014BEE0,11,80014BEE0,11721451.09,US Dollar,11721451.09,US Dollar,Reinvestment,0
2022/09/01 00:09,224,800132640,11,80014BEE0,555865.98,US Dollar,555865.98,US Dollar,Cheque,0
2022/09/01 00:22,224,800132640,11,80014BEE0,10755.19,US Dollar,10755.19,US Dollar,Credit Card,0
2022/09/01 00:18,11,80014BEE0,11,80014BEE0,16.27,US Dollar,16.27,US Dollar,Reinvestment,0
2022/09/01 00:27,1231,80014C640,1231,80014C640,349299.65,US Dollar,349299.65,US Dollar,Reinvestment,0
2022/09/01 00:13,70,10042B660,12,80014CEB0,40841.65,US Dollar,40841.65,US Dollar,Cheque,0
2022/09/01 00:18,70,10042B660,12,80014CEB0,4958.30,US Dollar,4958.30,US Dollar,Credit Card,0
2022/09/01 00:15,70,10042B660,12,80014CEB0,26585.18,US Dollar,26585.18,US Dollar,Cash,0
2022/09/01 00:01,1231,80014CA90,1231,80014CA90,1702566.09,US Dollar,1702566.09,US Dollar,Reinvestment,0
2022/09/01 00:27,224,80014CBD0,224,80014CBD0,857.62,US Dollar,857.62,US Dollar,Reinvestment,0
2022/09/01 00:24,20,80014CCC0,20,80014CCC0,6736.61,US Dollar,6736.61,US Dollar,Reinvestment,0
2022/09/01 00:13,3229,80014D260,3229,80014D260,6391.26,US Dollar,6391.26,US Dollar,Reinvestment,0
2022/09/01 00:27,20,80014CCC0,20,80014CCC0,8.82,US Dollar,8.82,US Dollar,Reinvestment,0
2022/09/01 00:20,70,10042B660,1217,80014DE20,4874.26,US Dollar,4874.26,US Dollar,Credit Card,0
2022/09/01 00:01,70,10042B660,1217,80014DE20,118286.57,US Dollar,118286.57,US Dollar,Cash,0
2022/09/01 00:07,70,10042B660,20,80014EC60,101581.08,US Dollar,101581.08,US Dollar,Cheque,0
2022/09/01 00:24,70,10042B660,20,80014EC60,21818.29,US Dollar,21818.29,US Dollar,Credit Card,0
2022/09/01 00:01,70,10042B660,20,80014EC60,5229.74,US Dollar,5229.74,US Dollar,Cash,0
2022/09/01 00:02,20,80014EC60,20,80014EC60,21.88,US Dollar,21.88,US Dollar,Reinvestment,0
2022/09/01 00:22,20,800115330,1231,80014F600,4198.57,US Dollar,4198.57,US Dollar,Credit Card,0
2022/09/01 00:22,20,800115330,1231,80014F600,3876.65,US Dollar,3876.65,US Dollar,ACH,0
2022/09/01 00:29,224,800150160,224,800150160,2639245.05,US Dollar,2639245.05,US Dollar,Reinvestment,0
2022/09/01 00:19,70,10042B660,224,800150160,2333.81,US Dollar,2333.81,US Dollar,Cheque,0
2022/09/01 00:17,70,10042B660,224,800150160,3408.97,US Dollar,3408.97,US Dollar,Credit Card,0
2022/09/01 00:03,70,10042B660,224,800150160,11763.12,US Dollar,11763.12,US Dollar,Cash,0
2022/09/01 00:09,1,8000F8F10,1217,800150A40,1543.94,US Dollar,1543.94,US Dollar,Cheque,0
2022/09/01 00:02,1,8000F8F10,1217,800150A40,3603.57,US Dollar,3603.57,US Dollar,Credit Card,0
2022/09/01 00:13,11,800151650,11,800151650,20.31,US Dollar,20.31,US Dollar,Reinvestment,0
2022/09/01 00:18,20,800150FB0,20,800150FB0,4932858.46,US Dollar,4932858.46,US Dollar,Reinvestment,0
2022/09/01 00:18,1217,800151B40,1217,800151B40,17.37,US Dollar,17.37,US Dollar,Reinvestment,0
2022/09/01 00:10,11,80014BC40,11,80014BC40,41665.19,US Dollar,41665.19,US Dollar,Reinvestment,0
2022/09/01 00:13,20,80014F060,20,80014F060,3994.60,US Dollar,3994.60,US Dollar,Reinvestment,0
2022/09/01 00:09,1231,80014FB60,1231,80014FB60,32259.02,US Dollar,32259.02,US Dollar,Reinvestment,0
2022/09/01 00:24,1231,8001507B0,1231,8001507B0,4924.79,US Dollar,4924.79,US Dollar,Reinvestment,0
2022/09/01 00:29,1,800150CD0,1,800150CD0,4145.85,US Dollar,4145.85,US Dollar,Reinvestment,0
2022/09/01 00:16,1217,800152270,1217,800152270,1696.88,US Dollar,1696.88,US Dollar,Reinvestment,0
2022/09/01 00:03,3209,8001524A0,3209,8001524A0,36831.03,US Dollar,36831.03,US Dollar,Reinvestment,0
2022/09/01 00:14,1,80014BCE0,162822,81796A8B0,140.16,US Dollar,140.16,US Dollar,Credit Card,0
2022/09/01 00:29,20,80014C240,113213,8063E8F00,99.83,US Dollar,99.83,US Dollar,Credit Card,0
2022/09/01 00:13,20,80014F060,20,80014F060,18.78,US Dollar,18.78,US Dollar,Reinvestment,0
2022/09/01 00:28,1217,80014FBB0,1217,80014FBB0,7.13,US Dollar,7.13,US Dollar,Reinvestment,0
2022/09/01 00:13,1217,800153F80,1217,800153F80,11331.19,US Dollar,11331.19,US Dollar,Reinvestment,0
2022/09/01 00:15,20,80005A340,11,800153F30,12733.24,US Dollar,12733.24,US Dollar,Cheque,0
2022/09/01 00:23,20,80005A340,11,800153F30,2963.63,US Dollar,2963.63,US Dollar,Credit Card,0
2022/09/01 00:06,20,80005A340,11,800153F30,538.90,US Dollar,538.90,US Dollar,Cash,0
2022/09/01 00:04,20,80005A340,11,800153F30,87.54,US Dollar,87.54,US Dollar,ACH,0
2022/09/01 00:29,224,800154370,224,800154370,24.50,US Dollar,24.50,US Dollar,Reinvestment,0
2022/09/01 00:12,1217,"8,00154E+095",1217,"8,00154E+095",47852.43,US Dollar,47852.43,US Dollar,Reinvestment,0
2022/09/01 00:22,12,80013D3E0,1217,"8,00154E+095",14412.91,US Dollar,14412.91,US Dollar,Cheque,0
2022/09/01 00:01,12,80013D3E0,1217,"8,00154E+095",7040.67,US Dollar,7040.67,US Dollar,Credit Card,0
2022/09/01 00:07,12,80013D3E0,1217,"8,00154E+095",158.56,US Dollar,158.56,US Dollar,Cash,0
2022/09/01 00:04,224,8001554D0,224,8001554D0,7889.44,US Dollar,7889.44,US Dollar,Reinvestment,0
2022/09/01 00:22,3245,80013A7B0,1,8001378C0,23643.27,US Dollar,23643.27,US Dollar,ACH,0
2022/09/01 00:05,20,80014A850,20,80014A850,2738.86,US Dollar,2738.86,US Dollar,Reinvestment,0
2022/09/01 00:23,3209,80014AAD0,3209,80014AAD0,3311.15,US Dollar,3311.15,US Dollar,Reinvestment,0
2022/09/01 00:27,3258,800153AC0,3258,800153AC0,2797.66,US Dollar,2797.66,US Dollar,Reinvestment,0
2022/09/01 00:27,224,8001547,224,8001547,122.74,US Dollar,122.74,US Dollar,Reinvestment,0
2022/09/01 00:09,3252,800154920,3252,800154920,20546.69,US Dollar,20546.69,US Dollar,Reinvestment,0
2022/09/01 00:17,12,800154970,12,800154970,3419.55,US Dollar,3419.55,US Dollar,Reinvestment,0
2022/09/01 00:03,1231,800154BF0,1231,800154BF0,545.55,US Dollar,545.55,US Dollar,Reinvestment,0
2022/09/01 00:18,3235,800155720,3235,800155720,658.22,US Dollar,658.22,US Dollar,Reinvestment,0
2022/09/01 00:10,20,80013A8F0,20,80013A8F0,18.01,US Dollar,18.01,US Dollar,Reinvestment,0
2022/09/01 00:16,20,80013AD80,226624,80ADDEA90,5.35,US Dollar,5.35,US Dollar,Credit Card,0
2022/09/01 00:19,20,80014AE90,20,80014AE90,15.59,US Dollar,15.59,US Dollar,Reinvestment,0
2022/09/01 00:12,224,8001547,224,8001547,13.36,US Dollar,13.36,US Dollar,Reinvestment,0
2022/09/01 00:23,1231,800157000,1231,800157000,2062.64,US Dollar,2062.64,US Dollar,Reinvestment,0
2022/09/01 00:08,1217,800157140,1217,800157140,9796.65,US Dollar,9796.65,US Dollar,Reinvestment,0
2022/09/01 00:09,1231,8001571,1231,8001571,3049.23,US Dollar,3049.23,US Dollar,Reinvestment,0
2022/09/01 00:18,1231,800157000,1231,800157000,12.74,US Dollar,12.74,US Dollar,Reinvestment,0
2022/09/01 00:25,20,800157050,20,800157050,18.10,US Dollar,18.10,US Dollar,Reinvestment,0
2022/09/01 00:26,1217,800157140,1217,800157140,6.71,US Dollar,6.71,US Dollar,Reinvestment,0
2022/09/01 00:10,20,800157910,1231,8001578C0,3913818.00,US Dollar,3913818.00,US Dollar,ACH,0
2022/09/01 00:10,11,800136600,11,800136600,6.59,US Dollar,6.59,US Dollar,Reinvestment,0
2022/09/01 00:12,1231,8001578C0,223057,80D9FB240,30.33,US Dollar,30.33,US Dollar,Credit Card,0
2022/09/01 00:16,1,800159AD0,1,800159AD0,64174.53,US Dollar,64174.53,US Dollar,Reinvestment,0
2022/09/01 00:10,20,80015A0A0,20,80015A0A0,22348.77,US Dollar,22348.77,US Dollar,Reinvestment,0
